{"inputUnits":[34],"outputUnits":2,"inputs":{"0":{"dtype":"number","min":247.04818547467778,"max":262.1922533799702},"1":{"dtype":"number","min":141.36621022502737,"max":149.80969143284898},"2":{"dtype":"number","min":263.60923915521647,"max":278.0810011036201},"3":{"dtype":"number","min":125.6720671301222,"max":133.22687527548942},"4":{"dtype":"number","min":234.8834798493738,"max":245.62439558570952},"5":{"dtype":"number","min":128.67542845729724,"max":133.61283476714493},"6":{"dtype":"number","min":291.41592775337426,"max":303.49090694917317},"7":{"dtype":"number","min":133.83486261627553,"max":142.84988818929352},"8":{"dtype":"number","min":219.81866977558062,"max":229.3166027737035},"9":{"dtype":"number","min":138.86422361381324,"max":144.49986558016172},"10":{"dtype":"number","min":315.4107930224229,"max":328.00118294207505},"11":{"dtype":"number","min":222.09652436846426,"max":233.00820910977018},"12":{"dtype":"number","min":199.17116921235615,"max":212.10492085853903},"13":{"dtype":"number","min":207.31646229784775,"max":227.3592629043045},"14":{"dtype":"number","min":331.8954539020702,"max":470.5182882227323},"15":{"dtype":"number","min":258.90731870896155,"max":324.28294378495866},"16":{"dtype":"number","min":118.24279844528971,"max":148.87658382668107},"17":{"dtype":"number","min":279.6868801488023,"max":300.27562479100806},"18":{"dtype":"number","min":302.8161003617461,"max":434.3766936068405},"19":{"dtype":"number","min":257.0489311960421,"max":345.1689177635579},"20":{"dtype":"number","min":159.62575185159764,"max":218.91230720490333},"21":{"dtype":"number","min":263.74494856897496,"max":367.6356357915856},"22":{"dtype":"number","min":281.5747833251953,"max":305.2243208235804},"23":{"dtype":"number","min":404.33854930595663,"max":424.8221775158834},"24":{"dtype":"number","min":209.44185249536417,"max":228.07672285384243},"25":{"dtype":"number","min":407.8585560126991,"max":423.61421102679657},"26":{"dtype":"number","min":227.372086224389,"max":311.9345330264318},"27":{"dtype":"number","min":545.8591232596668,"max":573.5552182921176},"28":{"dtype":"number","min":213.55950144014471,"max":289.4263051548821},"29":{"dtype":"number","min":540.7676180234679,"max":577.7141977748055},"30":{"dtype":"number","min":232.12087846451698,"max":317.8838632635569},"31":{"dtype":"number","min":557.9831648800624,"max":578.2016098081833},"32":{"dtype":"number","min":239.27151262528238,"max":314.0190106699903},"33":{"dtype":"number","min":557.1605201082934,"max":578.2404751907527}},"outputs":{"label":{"dtype":"string","min":0,"max":1,"uniqueValues":["A","B"],"legend":{"A":[1,0],"B":[0,1]}}},"isNormalized":true}